{
    "fabric:load_conditions": [
        {
            "condition": "fabric:all_mods_loaded",
            "values": [
                "botanypots"
            ]
        }
    ],
    "forge:conditions": [
        {
            "type": "forge:mod_loaded",
            "modid": "botanypots"
        }
    ],
    "neoforge:conditions": [
        {
            "type": "neoforge:mod_loaded",
            "modid": "botanypots"
        }
    ],
    "type": "botanypots:crop",
    "seed": {
        "item": "growable_ores:bamboo_block_cane"
    },
    "categories": [
        "sand",
        "dirt"
    ],
    "growthTicks": 1200,
    "display": [
        {
            "block": "growable_ores:bamboo_block_cane"
        },
        {
            "block": "growable_ores:bamboo_block_cane"
        }
    ],
    "drops": [
        {
            "chance": 1.00,
            "output": {
                "item": "growable_ores:bamboo_block_cane"
            }
        }
    ]
}