{
    "parent": "item/template_skull",
    "display": {
        "gui": {
            "translation": [ -2, 2, 0 ],
            "rotation": [ 30, 45, 0 ],
            "scale": [ 0.6, 0.6, 0.6 ]
        },
        "thirdperson_righthand": {
            "rotation": [ 0, 180, 0 ],
            "translation": [ 0, -1, 2 ],
            "scale": [ 0.5, 0.5, 0.5 ]
        },
        "firstperson_righthand": {
            "rotation": [ 0, -60, 0 ],
            "translation": [ 1, 5, 0 ],
            "scale": [ 0.4, 0.4, 0.4 ]
        }
    }
}
