{
	"textures": {
		"particle": "#texture"
	},
	"elements": [
		{
			"name": "Left post",
			"from": [6, 0, 0],
			"to": [10, 16, 4],
			"faces": {
				"north": {"uv": [12, 0, 16, 16], "texture": "#1"},
				"east": {"uv": [8, 0, 12, 16], "texture": "#1"},
				"south": {"uv": [4, 0, 8, 16], "texture": "#1"},
				"west": {"uv": [0, 0, 4, 16], "texture": "#1"},
				"up": {"uv": [3, 4, 7, 8], "rotation": 270, "texture": "#1"},
				"down": {"uv": [0, 12, 4, 16], "rotation": 90, "texture": "#1", "cullface": "down"}
			}
		},
		{
			"name": "Right post",
			"from": [6, 0, 12],
			"to": [10, 16, 16],
			"faces": {
				"north": {"uv": [12, 0, 16, 16], "texture": "#1"},
				"east": {"uv": [8, 0, 12, 16], "texture": "#1"},
				"south": {"uv": [4, 0, 8, 16], "texture": "#1"},
				"west": {"uv": [0, 0, 4, 16], "texture": "#1"},
				"up": {"uv": [3, 4, 7, 8], "rotation": 270, "texture": "#1"},
				"down": {"uv": [0, 12, 4, 16], "rotation": 90, "texture": "#1", "cullface": "down"}
			}
		},
		{
			"name": "Top bar",
			"from": [7, 13, -2],
			"to": [9, 15, 18],
			"faces": {
				"north": {"uv": [14, 1, 16, 3], "texture": "#0"},
				"east": {"uv": [0, 1, 16, 3], "texture": "#0"},
				"south": {"uv": [0, 1, 2, 3], "texture": "#0"},
				"west": {"uv": [0, 1, 16, 3], "texture": "#0"},
				"up": {"uv": [0, 1, 16, 3], "rotation": 90, "texture": "#0"},
				"down": {"uv": [0, 1, 16, 3], "rotation": 90, "texture": "#0"}
			}
		},
		{
			"name": "Lower bar",
			"from": [7, 5, -2],
			"to": [9, 7, 18],
			"faces": {
				"north": {"uv": [14, 9, 16, 11], "texture": "#0"},
				"east": {"uv": [0, 9, 16, 11], "texture": "#0"},
				"south": {"uv": [0, 9, 2, 11], "texture": "#0"},
				"west": {"uv": [0, 9, 16, 11], "texture": "#0"},
				"up": {"uv": [0, 9, 16, 11], "rotation": 90, "texture": "#0"},
				"down": {"uv": [0, 9, 16, 11], "rotation": 90, "texture": "#0"}
			}
		}
	],
	"display": {
		"thirdperson_righthand": {
			"rotation": [75, 45, 0],
			"translation": [0, 2.5, 0],
			"scale": [0.375, 0.375, 0.375]
		},
		"thirdperson_lefthand": {
			"rotation": [75, 45, 0],
			"translation": [0, 2.5, 0],
			"scale": [0.375, 0.375, 0.375]
		},
		"firstperson_righthand": {
			"rotation": [0, 45, 0],
			"scale": [0.4, 0.4, 0.4]
		},
		"firstperson_lefthand": {
			"rotation": [0, 225, 0],
			"scale": [0.4, 0.4, 0.4]
		},
		"ground": {
			"translation": [0, 3, 0],
			"scale": [0.25, 0.25, 0.25]
		},
		"gui": {
			"rotation": [30, 135, 0],
			"scale": [0.625, 0.625, 0.625]
		},
		"fixed": {
			"scale": [0.5, 0.5, 0.5]
		}
	}
}