{
	"credit": "Made with Blockbench",
	"parent": "block/soul_lantern",
	"display": {
		"thirdperson_righthand": {
			"rotation": [72, 0, -2.5],
			"translation": [0, -0.4, -1.3],
			"scale": [0.75, 0.75, 0.75]
		},
		"firstperson_righthand": {
			"rotation": [0.5, 20, 30],
			"translation": [1.5, 1.5, 0],
			"scale": [0.6, 0.6, 0.6]
		},
		"firstperson_lefthand": {
			"rotation": [355, 200, -50],
			"translation": [1.5, 1.5, 0],
			"scale": [0.6, 0.6, 0.6]
		},
		"ground": {
			"translation": [0, 3, 0],
			"scale": [0.35, 0.35, 0.35]
		},
		"gui": {
			"rotation": [30, 225, 0],
			"translation": [0, 2, 0],
			"scale": [0.9, 0.9, 0.9]
		},
		"fixed": {
			"scale": [0.75, 0.75, 0.75]
		}
	}
}