{
	"credit": "Made with Blockbench",
	"ambientocclusion": false,
	"textures": {
		"bottom": "block/cactus_bottom",
		"top": "block/cactus_top",
		"particle": "block/cactus_side",
		"side": "block/cactus_side",
		"arm": "block/cactus_arm_side",
		"arm_side": "block/cactus_arm"
	},
	"elements": [
		{
			"name": "stem_top",
			"from": [0, 0, 0],
			"to": [16, 16, 16],
			"faces": {
				"up": {"uv": [0, 0, 16, 16], "texture": "#top", "cullface": "up"},
				"down": {"uv": [0, 0, 16, 16], "texture": "#bottom", "cullface": "down"}
			}
		},
		{
			"name": "stem_side",
			"from": [0, 0, 1],
			"to": [16, 16, 15],
			"rotation": {"angle": 0, "axis": "y", "origin": [8, 8, 7]},
			"faces": {
				"north": {"uv": [0, 0, 16, 16], "texture": "#arm"},
				"south": {"uv": [0, 0, 16, 16], "texture": "#side"}
			}
		},
		{
			"name": "stem_side",
			"from": [1, 0, 0],
			"to": [15, 16, 16],
			"rotation": {"angle": 0, "axis": "y", "origin": [7, 8, 8]},
			"faces": {
				"east": {"uv": [0, 0, 16, 16], "texture": "#side"},
				"west": {"uv": [0, 0, 16, 16], "texture": "#side"}
			}
		},
		{
			"from": [5, 4, -6],
			"to": [11, 15, -2],
			"faces": {
				"north": {"uv": [0, 0, 6, 11], "texture": "#arm_side"},
				"south": {"uv": [0, 0, 6, 11], "texture": "#arm_side"}
			}
		},
		{
			"from": [6, 4, -2],
			"to": [10, 8, 1],
			"faces": {
				"east": {"uv": [4, 11, 7, 15], "rotation": 180, "texture": "#arm_side"},
				"west": {"uv": [4, 11, 7, 15], "texture": "#arm_side"},
				"up": {"uv": [4, 11, 7, 15], "rotation": 90, "texture": "#arm_side"},
				"down": {"uv": [4, 11, 7, 15], "rotation": 270, "texture": "#arm_side"}
			}
		},
		{
			"from": [6, 4, -7],
			"to": [10, 15, -1],
			"faces": {
				"east": {"uv": [12, 0, 6, 11], "texture": "#arm_side"},
				"west": {"uv": [6, 0, 12, 11], "texture": "#arm_side"},
				"up": {"uv": [12, 10, 16, 16], "texture": "#arm_side"},
				"down": {"uv": [12, 10, 16, 16], "texture": "#arm_side"}
			}
		}
	],
	"groups": [
		0,
		1,
		2,
		{
			"name": "group",
			"origin": [14, 12, 2],
			"color": 0,
			"children": [3, 4, 5]
		}
	]
}