{
	"credit": "Made with Blockbench",
	"ambientocclusion": false,
	"textures": {
		"bottom": "block/cactus_bottom",
		"top": "block/cactus_top",
		"particle": "block/cactus_side",
		"side": "block/cactus_side",
		"arm": "block/cactus_arm_side",
		"arm_side": "block/cactus_arm"
	},
	"elements": [
		{
			"name": "stem_top",
			"from": [0, 0, 0],
			"to": [16, 16, 16],
			"faces": {
				"up": {"uv": [0, 0, 16, 16], "texture": "#top", "cullface": "up"},
				"down": {"uv": [0, 0, 16, 16], "texture": "#bottom", "cullface": "down"}
			}
		},
		{
			"name": "stem_side",
			"from": [0, 0, 1],
			"to": [16, 16, 15],
			"rotation": {"angle": 0, "axis": "y", "origin": [8, 8, 7]},
			"faces": {
				"north": {"uv": [0, 0, 16, 16], "texture": "#side"},
				"south": {"uv": [0, 0, 16, 16], "texture": "#side"}
			}
		},
		{
			"name": "stem_side",
			"from": [1, 0, 0],
			"to": [15, 16, 16],
			"rotation": {"angle": 0, "axis": "y", "origin": [7, 8, 8]},
			"faces": {
				"east": {"uv": [0, 0, 16, 16], "texture": "#arm"},
				"west": {"uv": [0, 0, 16, 16], "texture": "#arm"}
			}
		},
		{
			"from": [15, 3, 6],
			"to": [20, 7, 10],
			"rotation": {"angle": 0, "axis": "y", "origin": [8, 7, 8]},
			"faces": {
				"north": {"uv": [7, 11, 12, 15], "texture": "#arm_side"},
				"east": {"uv": [12, 11, 16, 15], "rotation": 180, "texture": "#arm_side"},
				"south": {"uv": [7, 11, 12, 15], "rotation": 180, "texture": "#arm_side"},
				"up": {"uv": [7, 11, 12, 15], "rotation": 180, "texture": "#arm_side"},
				"down": {"uv": [7, 11, 12, 15], "rotation": 180, "texture": "#arm_side"}
			}
		},
		{
			"from": [-4, 6, 6],
			"to": [1, 10, 10],
			"rotation": {"angle": 0, "axis": "y", "origin": [8, 10, 8]},
			"faces": {
				"north": {"uv": [7, 11, 12, 15], "rotation": 180, "texture": "#arm_side"},
				"south": {"uv": [7, 11, 12, 15], "texture": "#arm_side"},
				"west": {"uv": [12, 11, 16, 15], "rotation": 180, "texture": "#arm_side"},
				"up": {"uv": [7, 11, 12, 15], "texture": "#arm_side"},
				"down": {"uv": [7, 11, 12, 15], "texture": "#arm_side"}
			}
		}
	],
	"groups": [
		0,
		1,
		2,
		{
			"name": "group",
			"origin": [14, 12, 2],
			"color": 0,
			"children": [3]
		},
		{
			"name": "group",
			"origin": [14, 12, 2],
			"color": 0,
			"children": [4]
		}
	]
}