{
	"credit": "ʙʏ Hᴏʟᴀᴢᴀs",
	"textures": {
		"0": "block/pumpkin_side",
		"1": "block/pumpkin_top",
		"3": "block/pumpkin_inside",
		"4": "block/pumpkin_inside2",
		"5": "block/pumpkin_inside3",
		"particle": "block/pumpkin_side"
	},
	"elements": [
		{
			"name": "front",
			"from": [1, 14, 0],
			"to": [15, 15, 1],
			"faces": {
				"north": {"uv": [1, 1, 15, 2], "texture": "#0"},
				"east": {"uv": [15, 0, 16, 2], "texture": "#0"},
				"west": {"uv": [0, 0, 1, 2], "texture": "#0"},
				"up": {"uv": [0, 0, 16, 1], "texture": "#1"},
				"down": {"uv": [0, 0, 16, 1], "texture": "#5"}
			}
		},
		{
			"name": "front",
			"from": [2, 7, 0],
			"to": [14, 8, 1],
			"rotation": {"angle": 0, "axis": "y", "origin": [8, 1, 8]},
			"faces": {
				"north": {"uv": [2, 8, 14, 9], "texture": "#0"},
				"east": {"uv": [0, 0, 0, 16], "texture": "#5"},
				"west": {"uv": [0, 4, 1, 13], "texture": "#5"},
				"up": {"uv": [0, 0, 12, 1], "texture": "#5"},
				"down": {"uv": [0, 0, 12, 1], "texture": "#5"}
			}
		},
		{
			"name": "front",
			"from": [1, 5, 0],
			"to": [2, 14, 1],
			"faces": {
				"north": {"uv": [14, 2, 15, 11], "texture": "#0"},
				"east": {"uv": [0, 0, 0, 16], "texture": "#5"},
				"west": {"uv": [0, 3, 1, 12], "texture": "#0"},
				"up": {"uv": [0, 0, 2, 1], "texture": "#5"},
				"down": {"uv": [0, 0, 2, 1], "texture": "#5"}
			}
		},
		{
			"name": "front",
			"from": [14, 4, 0],
			"to": [15, 14, 1],
			"faces": {
				"north": {"uv": [1, 2, 2, 12], "texture": "#0"},
				"east": {"uv": [15, 2, 16, 12], "texture": "#0"},
				"west": {"uv": [0, 4, 1, 13], "texture": "#5"},
				"up": {"uv": [0, 0, 2, 1], "texture": "#5"},
				"down": {"uv": [0, 0, 2, 1], "texture": "#5"}
			}
		},
		{
			"name": "front",
			"from": [1, 1, 0],
			"to": [15, 2, 1],
			"faces": {
				"north": {"uv": [1, 14, 15, 15], "texture": "#0"},
				"east": {"uv": [15, 14, 16, 16], "texture": "#0"},
				"west": {"uv": [0, 14, 1, 16], "texture": "#0"},
				"up": {"uv": [0, 0, 16, 1], "texture": "#5"},
				"down": {"uv": [0, 15, 16, 16], "texture": "#1"}
			}
		},
		{
			"name": "front",
			"from": [13, 2, 0],
			"to": [15, 4, 1],
			"rotation": {"angle": 0, "axis": "y", "origin": [8, 10, 8]},
			"faces": {
				"north": {"uv": [1, 12, 3, 14], "texture": "#0"},
				"east": {"uv": [15, 12, 16, 14], "texture": "#0"},
				"west": {"uv": [0, 4, 1, 13], "texture": "#5"},
				"up": {"uv": [0, 0, 3, 1], "texture": "#5"},
				"down": {"uv": [0, 0, 3, 1], "texture": "#5"}
			}
		},
		{
			"name": "front",
			"from": [10, 2, 0],
			"to": [12, 3, 1],
			"rotation": {"angle": 0, "axis": "y", "origin": [4, 10, 8]},
			"faces": {
				"north": {"uv": [4, 13, 6, 14], "texture": "#0"},
				"east": {"uv": [0, 0, 0, 16], "texture": "#5"},
				"west": {"uv": [0, 4, 1, 13], "texture": "#5"},
				"up": {"uv": [0, 0, 2, 1], "texture": "#5"},
				"down": {"uv": [0, 0, 2, 1], "texture": "#5"}
			}
		},
		{
			"name": "front",
			"from": [8, 6, 0],
			"to": [10, 7, 1],
			"rotation": {"angle": 0, "axis": "y", "origin": [2, 14, 8]},
			"faces": {
				"north": {"uv": [6, 9, 8, 10], "texture": "#0"},
				"east": {"uv": [0, 0, 0, 16], "texture": "#5"},
				"west": {"uv": [0, 4, 1, 13], "texture": "#5"},
				"up": {"uv": [0, 0, 2, 1], "texture": "#5"},
				"down": {"uv": [0, 0, 2, 1], "texture": "#5"}
			}
		},
		{
			"name": "front",
			"from": [5, 6, 0],
			"to": [7, 7, 1],
			"rotation": {"angle": 0, "axis": "y", "origin": [-1, 14, 8]},
			"faces": {
				"north": {"uv": [9, 9, 11, 10], "texture": "#0"},
				"east": {"uv": [0, 0, 0, 16], "texture": "#5"},
				"west": {"uv": [0, 4, 1, 13], "texture": "#5"},
				"up": {"uv": [0, 0, 2, 1], "texture": "#5"},
				"down": {"uv": [0, 0, 2, 1], "texture": "#5"}
			}
		},
		{
			"name": "front",
			"from": [5, 2, 0],
			"to": [9, 3, 1],
			"rotation": {"angle": 0, "axis": "y", "origin": [1, 10, 8]},
			"faces": {
				"north": {"uv": [7, 13, 11, 14], "texture": "#0"},
				"east": {"uv": [0, 0, 0, 16], "texture": "#5"},
				"west": {"uv": [0, 4, 1, 13], "texture": "#5"},
				"up": {"uv": [0, 0, 4, 1], "texture": "#5"},
				"down": {"uv": [0, 0, 4, 1], "texture": "#5"}
			}
		},
		{
			"name": "front",
			"from": [1, 2, 0],
			"to": [4, 3, 1],
			"rotation": {"angle": 0, "axis": "y", "origin": [-4, 10, 8]},
			"faces": {
				"north": {"uv": [12, 13, 15, 14], "texture": "#0"},
				"east": {"uv": [0, 0, 0, 16], "texture": "#5"},
				"west": {"uv": [0, 4, 1, 13], "texture": "#5"},
				"up": {"uv": [0, 0, 3, 1], "texture": "#5"},
				"down": {"uv": [0, 0, 3, 1], "texture": "#5"}
			}
		},
		{
			"name": "front",
			"from": [10, 3, 0],
			"to": [11, 4, 1],
			"rotation": {"angle": 0, "axis": "y", "origin": [4, 11, 8]},
			"faces": {
				"north": {"uv": [5, 12, 6, 13], "texture": "#0"},
				"east": {"uv": [0, 0, 0, 16], "texture": "#5"},
				"west": {"uv": [0, 4, 1, 13], "texture": "#5"},
				"up": {"uv": [0, 0, 1, 1], "texture": "#5"},
				"down": {"uv": [0, 0, 1, 1], "texture": "#5"}
			}
		},
		{
			"name": "front",
			"from": [11, 6, 0],
			"to": [12, 7, 1],
			"rotation": {"angle": 0, "axis": "y", "origin": [5, 14, 8]},
			"faces": {
				"north": {"uv": [4, 9, 5, 10], "texture": "#0"},
				"east": {"uv": [0, 0, 0, 16], "texture": "#5"},
				"west": {"uv": [0, 4, 1, 13], "texture": "#5"},
				"up": {"uv": [0, 0, 1, 1], "texture": "#5"},
				"down": {"uv": [0, 0, 1, 1], "texture": "#5"}
			}
		},
		{
			"name": "front",
			"from": [3, 6, 0],
			"to": [4, 7, 1],
			"rotation": {"angle": 0, "axis": "y", "origin": [-3, 14, 8]},
			"faces": {
				"north": {"uv": [4, 9, 5, 10], "texture": "#0"},
				"east": {"uv": [0, 0, 0, 16], "texture": "#5"},
				"west": {"uv": [0, 4, 1, 13], "texture": "#5"},
				"up": {"uv": [0, 0, 1, 1], "texture": "#5"},
				"down": {"uv": [0, 0, 1, 1], "texture": "#5"}
			}
		},
		{
			"name": "front",
			"from": [13, 6, 0],
			"to": [14, 7, 1],
			"rotation": {"angle": 0, "axis": "y", "origin": [7, 14, 8]},
			"faces": {
				"north": {"uv": [2, 9, 3, 10], "texture": "#0"},
				"east": {"uv": [0, 0, 0, 16], "texture": "#5"},
				"west": {"uv": [0, 4, 1, 13], "texture": "#5"},
				"up": {"uv": [0, 0, 1, 1], "texture": "#5"},
				"down": {"uv": [0, 0, 1, 1], "texture": "#5"}
			}
		},
		{
			"name": "front",
			"from": [7, 3, 0],
			"to": [8, 4, 1],
			"rotation": {"angle": 0, "axis": "y", "origin": [1, 11, 8]},
			"faces": {
				"north": {"uv": [8, 12, 9, 13], "texture": "#0"},
				"east": {"uv": [0, 0, 0, 16], "texture": "#5"},
				"west": {"uv": [0, 4, 1, 13], "texture": "#5"},
				"up": {"uv": [0, 0, 1, 1], "texture": "#5"},
				"down": {"uv": [0, 0, 1, 1], "texture": "#5"}
			}
		},
		{
			"name": "front",
			"from": [3, 3, 0],
			"to": [4, 4, 1],
			"rotation": {"angle": 0, "axis": "y", "origin": [-3, 11, 8]},
			"faces": {
				"north": {"uv": [12, 12, 13, 13], "texture": "#0"},
				"east": {"uv": [0, 0, 0, 16], "texture": "#5"},
				"west": {"uv": [0, 4, 1, 13], "texture": "#5"},
				"up": {"uv": [0, 0, 1, 1], "texture": "#5"},
				"down": {"uv": [0, 0, 1, 1], "texture": "#5"}
			}
		},
		{
			"name": "front",
			"from": [12, 8, 0],
			"to": [13, 9, 1],
			"rotation": {"angle": 0, "axis": "y", "origin": [6, 16, 8]},
			"faces": {
				"north": {"uv": [3, 7, 4, 8], "texture": "#0"},
				"east": {"uv": [0, 0, 0, 16], "texture": "#5"},
				"west": {"uv": [0, 4, 1, 13], "texture": "#5"},
				"up": {"uv": [0, 0, 1, 1], "texture": "#5"},
				"down": {"uv": [0, 0, 1, 1], "texture": "#5"}
			}
		},
		{
			"name": "front",
			"from": [9, 8, 0],
			"to": [10, 9, 1],
			"rotation": {"angle": 0, "axis": "y", "origin": [3, 16, 8]},
			"faces": {
				"north": {"uv": [6, 7, 7, 8], "texture": "#0"},
				"east": {"uv": [0, 0, 0, 16], "texture": "#5"},
				"west": {"uv": [0, 4, 1, 13], "texture": "#5"},
				"up": {"uv": [0, 0, 1, 1], "texture": "#5"},
				"down": {"uv": [0, 0, 1, 1], "texture": "#5"}
			}
		},
		{
			"name": "front",
			"from": [6, 8, 0],
			"to": [7, 9, 1],
			"rotation": {"angle": 0, "axis": "y", "origin": [0, 16, 8]},
			"faces": {
				"north": {"uv": [9, 7, 10, 8], "texture": "#0"},
				"east": {"uv": [0, 0, 0, 16], "texture": "#5"},
				"west": {"uv": [0, 4, 1, 13], "texture": "#5"},
				"up": {"uv": [0, 0, 1, 1], "texture": "#5"},
				"down": {"uv": [0, 0, 1, 1], "texture": "#5"}
			}
		},
		{
			"name": "front",
			"from": [9, 13, 0],
			"to": [10, 14, 1],
			"rotation": {"angle": 0, "axis": "y", "origin": [3, 21, 8]},
			"faces": {
				"north": {"uv": [6, 2, 7, 3], "texture": "#0"},
				"east": {"uv": [0, 0, 0, 16], "texture": "#5"},
				"west": {"uv": [0, 4, 1, 13], "texture": "#5"},
				"up": {"uv": [0, 0, 1, 1], "texture": "#5"},
				"down": {"uv": [0, 0, 1, 1], "texture": "#5"}
			}
		},
		{
			"name": "front",
			"from": [6, 13, 0],
			"to": [7, 14, 1],
			"rotation": {"angle": 0, "axis": "y", "origin": [0, 21, 8]},
			"faces": {
				"north": {"uv": [9, 2, 10, 3], "texture": "#0"},
				"east": {"uv": [0, 0, 0, 16], "texture": "#5"},
				"west": {"uv": [0, 4, 1, 13], "texture": "#5"},
				"up": {"uv": [0, 0, 1, 1], "texture": "#5"},
				"down": {"uv": [0, 0, 1, 1], "texture": "#5"}
			}
		},
		{
			"name": "front",
			"from": [4, 13, 0],
			"to": [5, 14, 1],
			"rotation": {"angle": 0, "axis": "y", "origin": [-2, 21, 8]},
			"faces": {
				"north": {"uv": [11, 2, 12, 3], "texture": "#0"},
				"east": {"uv": [0, 0, 0, 16], "texture": "#5"},
				"west": {"uv": [0, 4, 1, 13], "texture": "#5"},
				"up": {"uv": [0, 0, 1, 1], "texture": "#5"},
				"down": {"uv": [0, 0, 1, 1], "texture": "#5"}
			}
		},
		{
			"name": "front",
			"from": [12, 12, 0],
			"to": [13, 14, 1],
			"rotation": {"angle": 0, "axis": "y", "origin": [6, 21, 8]},
			"faces": {
				"north": {"uv": [3, 2, 4, 4], "texture": "#0"},
				"east": {"uv": [0, 0, 0, 16], "texture": "#5"},
				"west": {"uv": [0, 4, 1, 13], "texture": "#5"},
				"up": {"uv": [0, 0, 1, 1], "texture": "#5"},
				"down": {"uv": [0, 0, 1, 1], "texture": "#5"}
			}
		},
		{
			"name": "front",
			"from": [3, 12, 0],
			"to": [4, 14, 1],
			"rotation": {"angle": 0, "axis": "y", "origin": [-3, 21, 8]},
			"faces": {
				"north": {"uv": [12, 2, 13, 4], "texture": "#0"},
				"east": {"uv": [0, 0, 0, 16], "texture": "#5"},
				"west": {"uv": [0, 4, 1, 13], "texture": "#5"},
				"up": {"uv": [0, 0, 1, 1], "texture": "#5"},
				"down": {"uv": [0, 0, 1, 1], "texture": "#5"}
			}
		},
		{
			"name": "front",
			"from": [2, 10, 0],
			"to": [3, 14, 1],
			"rotation": {"angle": 0, "axis": "y", "origin": [-4, 21, 8]},
			"faces": {
				"north": {"uv": [13, 2, 14, 6], "texture": "#0"},
				"east": {"uv": [0, 0, 0, 16], "texture": "#5"},
				"west": {"uv": [0, 4, 1, 13], "texture": "#5"},
				"up": {"uv": [0, 0, 1, 1], "texture": "#5"},
				"down": {"uv": [0, 0, 1, 1], "texture": "#5"}
			}
		},
		{
			"name": "front",
			"from": [13, 8, 0],
			"to": [14, 14, 1],
			"rotation": {"angle": 0, "axis": "y", "origin": [7, 21, 8]},
			"faces": {
				"north": {"uv": [2, 2, 3, 8], "texture": "#0"},
				"east": {"uv": [0, 0, 0, 16], "texture": "#5"},
				"west": {"uv": [0, 4, 1, 13], "texture": "#5"},
				"up": {"uv": [0, 0, 1, 1], "texture": "#5"},
				"down": {"uv": [0, 0, 1, 1], "texture": "#5"}
			}
		},
		{
			"name": "front",
			"from": [7, 8, 0],
			"to": [9, 14, 1],
			"rotation": {"angle": 0, "axis": "y", "origin": [2, 21, 8]},
			"faces": {
				"north": {"uv": [7, 2, 9, 8], "texture": "#0"},
				"east": {"uv": [0, 0, 0, 16], "texture": "#5"},
				"west": {"uv": [0, 4, 1, 13], "texture": "#5"},
				"up": {"uv": [0, 0, 2, 1], "texture": "#5"},
				"down": {"uv": [0, 0, 2, 1], "texture": "#5"}
			}
		},
		{
			"name": "front",
			"from": [1, 1, 15],
			"to": [15, 15, 16],
			"rotation": {"angle": 0, "axis": "y", "origin": [8, 8, 24]},
			"faces": {
				"north": {"uv": [0, 0, 16, 16], "texture": "#3"},
				"east": {"uv": [0, 0, 0, 16], "texture": "#5"},
				"south": {"uv": [1, 1, 15, 15], "texture": "#0"},
				"west": {"uv": [0, 4, 1, 13], "texture": "#5"},
				"up": {"uv": [0, 0, 16, 0], "texture": "#5"},
				"down": {"uv": [0, 0, 16, 0], "texture": "#5"}
			}
		},
		{
			"name": "front",
			"from": [0, 0, 0],
			"to": [16, 1, 16],
			"rotation": {"angle": 0, "axis": "y", "origin": [8, 8, 24]},
			"faces": {
				"north": {"uv": [0, 15, 16, 16], "texture": "#0"},
				"east": {"uv": [0, 15, 16, 16], "texture": "#0"},
				"south": {"uv": [0, 15, 16, 16], "texture": "#0"},
				"west": {"uv": [0, 15, 16, 16], "texture": "#0"},
				"up": {"uv": [0, 0, 16, 16], "texture": "#4"},
				"down": {"uv": [0, 0, 16, 16], "texture": "#1"}
			}
		},
		{
			"name": "front",
			"from": [0, 15, 0],
			"to": [16, 16, 16],
			"rotation": {"angle": 0, "axis": "y", "origin": [8, 24, 24]},
			"faces": {
				"north": {"uv": [0, 0, 16, 1], "texture": "#0"},
				"east": {"uv": [0, 0, 16, 1], "texture": "#0"},
				"south": {"uv": [0, 0, 16, 1], "texture": "#0"},
				"west": {"uv": [0, 0, 16, 1], "texture": "#0"},
				"up": {"uv": [0, 0, 16, 16], "texture": "#1"},
				"down": {"uv": [0, 0, 16, 15], "texture": "#4"}
			}
		},
		{
			"name": "front",
			"from": [0, 1, 0],
			"to": [1, 15, 16],
			"rotation": {"angle": 0, "axis": "y", "origin": [8, 8, 17]},
			"faces": {
				"north": {"uv": [15, 1, 16, 15], "texture": "#0"},
				"east": {"uv": [0, 0, 16, 16], "texture": "#3"},
				"south": {"uv": [0, 1, 1, 15], "texture": "#0"},
				"west": {"uv": [0, 1, 16, 15], "texture": "#0"},
				"up": {"uv": [0, 0, 0, 15], "texture": "#5"},
				"down": {"uv": [0, 0, 0, 15], "texture": "#5"}
			}
		},
		{
			"name": "front",
			"from": [15, 1, 0],
			"to": [16, 15, 16],
			"rotation": {"angle": 0, "axis": "y", "origin": [24, 8, 17]},
			"faces": {
				"north": {"uv": [0, 1, 1, 15], "texture": "#0"},
				"east": {"uv": [0, 1, 16, 15], "texture": "#0"},
				"south": {"uv": [15, 1, 16, 15], "texture": "#0"},
				"west": {"uv": [0, 0, 16, 14], "texture": "#3"},
				"up": {"uv": [0, 0, 0, 15], "texture": "#5"},
				"down": {"uv": [0, 0, 0, 15], "texture": "#5"}
			}
		}
	],
	"display": {
		"thirdperson_righthand": {
			"rotation": [75, 45, 0],
			"translation": [0, 2.5, 0],
			"scale": [0.375, 0.375, 0.375]
		},
		"firstperson_righthand": {
			"rotation": [0, 45, 0],
			"scale": [0.4, 0.4, 0.4]
		},
		"firstperson_lefthand": {
			"rotation": [0, 225, 0],
			"scale": [0.4, 0.4, 0.4]
		},
		"ground": {
			"translation": [0, 3, 0],
			"scale": [0.25, 0.25, 0.25]
		},
		"gui": {
			"rotation": [30, 225, 0],
			"scale": [0.625, 0.625, 0.625]
		},
		"fixed": {
			"scale": [0.5, 0.5, 0.5]
		}
	},
	"groups": [
		{
			"name": "group",
			"origin": [8, 8, 8],
			"children": [0, 1, 2, 3, 4, 5, 6, 7, 8, 9, 10, 11, 12, 13, 14, 15, 16, 17, 18, 19, 20, 21, 22, 23, 24, 25, 26, 27]
		},
		{
			"name": "group",
			"origin": [24, 8, 17],
			"children": [28, 29, 30, 31, 32]
		}
	]
}