{
	"credit": "ʙʏ Hᴏʟᴀᴢᴀs",
	"ambientocclusion": false,
	"textures": {
		"1": "block/lily_pad_flower",
		"texture": "block/lily_pad",
		"particle": "block/lily_pad"
	},
	"elements": [
		{
			"from": [0, 0.25, 0],
			"to": [16, 0.25, 16],
			"faces": {
				"up": {"uv": [16, 0, 0, 16], "texture": "#texture", "tintindex": 0},
				"down": {"uv": [16, 16, 0, 0], "texture": "#texture", "tintindex": 0}
			}
		},
		{
			"from": [4.5, 0, 8.5],
			"to": [9.5, 3, 8.5],
			"rotation": {"angle": 45, "axis": "y", "origin": [8, 8, 8]},
			"faces": {
				"north": {"uv": [0, 13, 5, 16], "texture": "#1"},
				"east": {"uv": [0, 0, 0, 3], "texture": "#missing"},
				"south": {"uv": [0, 13, 5, 16], "texture": "#1"},
				"west": {"uv": [0, 0, 0, 3], "texture": "#missing"},
				"up": {"uv": [0, 0, 0, 6], "rotation": 270, "texture": "#missing"},
				"down": {"uv": [0, 0, 0, 6], "rotation": 90, "texture": "#missing"}
			}
		},
		{
			"from": [7, 0, 6],
			"to": [7, 3, 11],
			"rotation": {"angle": 45, "axis": "y", "origin": [8, 8, 8]},
			"faces": {
				"north": {"uv": [0, 0, 0, 3], "texture": "#missing"},
				"east": {"uv": [0, 13, 5, 16], "texture": "#1"},
				"south": {"uv": [0, 0, 0, 3], "texture": "#missing"},
				"west": {"uv": [0, 13, 5, 16], "texture": "#1"},
				"up": {"uv": [0, 0, 0, 6], "texture": "#missing"},
				"down": {"uv": [0, 0, 0, 6], "texture": "#missing"}
			}
		}
	],
	"groups": [0,
		{
			"name": "group",
			"origin": [8, 8, 8],
			"children": [1, 2]
		}
	]
}