{
	"credit": "Made with Blockbench",
	"ambientocclusion": false,
	"textures": {
		"2": "block/mangrove_propagule",
		"particle": "block/flower_pot",
		"flowerpot": "block/flower_pot",
		"dirt": "block/dirt"
	},
	"elements": [
		{
			"from": [5, 0, 5],
			"to": [6, 6, 11],
			"faces": {
				"north": {"uv": [10, 10, 11, 16], "texture": "#flowerpot"},
				"east": {"uv": [5, 10, 11, 16], "texture": "#flowerpot"},
				"south": {"uv": [5, 10, 6, 16], "texture": "#flowerpot"},
				"west": {"uv": [5, 10, 11, 16], "texture": "#flowerpot"},
				"up": {"uv": [5, 5, 6, 11], "texture": "#flowerpot"},
				"down": {"uv": [5, 5, 6, 11], "texture": "#flowerpot", "cullface": "down"}
			}
		},
		{
			"from": [10, 0, 5],
			"to": [11, 6, 11],
			"faces": {
				"north": {"uv": [5, 10, 6, 16], "texture": "#flowerpot"},
				"east": {"uv": [5, 10, 11, 16], "texture": "#flowerpot"},
				"south": {"uv": [10, 10, 11, 16], "texture": "#flowerpot"},
				"west": {"uv": [5, 10, 11, 16], "texture": "#flowerpot"},
				"up": {"uv": [10, 5, 11, 11], "texture": "#flowerpot"},
				"down": {"uv": [10, 5, 11, 11], "texture": "#flowerpot", "cullface": "down"}
			}
		},
		{
			"from": [6, 0, 5],
			"to": [10, 6, 6],
			"faces": {
				"north": {"uv": [6, 10, 10, 16], "texture": "#flowerpot"},
				"south": {"uv": [6, 10, 10, 16], "texture": "#flowerpot"},
				"up": {"uv": [6, 5, 10, 6], "texture": "#flowerpot"},
				"down": {"uv": [6, 10, 10, 11], "texture": "#flowerpot", "cullface": "down"}
			}
		},
		{
			"from": [6, 0, 10],
			"to": [10, 6, 11],
			"faces": {
				"north": {"uv": [6, 10, 10, 16], "texture": "#flowerpot"},
				"south": {"uv": [6, 10, 10, 16], "texture": "#flowerpot"},
				"up": {"uv": [6, 10, 10, 11], "texture": "#flowerpot"},
				"down": {"uv": [6, 5, 10, 6], "texture": "#flowerpot", "cullface": "down"}
			}
		},
		{
			"from": [6, 0, 6],
			"to": [10, 4, 10],
			"faces": {
				"up": {"uv": [6, 6, 10, 10], "texture": "#dirt"},
				"down": {"uv": [6, 12, 10, 16], "texture": "#flowerpot", "cullface": "down"}
			}
		},
		{
			"name": "leaves",
			"from": [4.5, 13, 8],
			"to": [11.5, 19, 8],
			"rotation": {"angle": -45, "axis": "y", "origin": [8, 4, 8], "rescale": true},
			"faces": {
				"north": {"uv": [4, 1, 11, 7], "texture": "#2"},
				"east": {"uv": [11, 6, 11, 10], "texture": "#2"},
				"south": {"uv": [4, 1, 11, 7], "texture": "#2"},
				"west": {"uv": [4, 6, 4, 11], "texture": "#2"},
				"up": {"uv": [4, 6, 11, 6], "rotation": 180, "texture": "#2"},
				"down": {"uv": [4, 11, 11, 11], "rotation": 180, "texture": "#2"}
			}
		},
		{
			"name": "leaves",
			"from": [8, 13, 4.5],
			"to": [8, 19, 11.5],
			"rotation": {"angle": -45, "axis": "y", "origin": [8, 4, 8], "rescale": true},
			"faces": {
				"north": {"uv": [13, 0, 13, 10], "texture": "#2"},
				"east": {"uv": [4, 1, 11, 7], "texture": "#2"},
				"south": {"uv": [11, 0, 11, 10], "texture": "#2"},
				"west": {"uv": [4, 1, 11, 7], "texture": "#2"},
				"up": {"uv": [11, 0, 13, 0], "rotation": 270, "texture": "#2"},
				"down": {"uv": [11, 10, 13, 10], "rotation": 90, "texture": "#2"}
			}
		},
		{
			"from": [7, 4, 7],
			"to": [9, 13, 9],
			"rotation": {"angle": 0, "axis": "y", "origin": [0, 4, 0]},
			"faces": {
				"north": {"uv": [7, 7, 9, 16], "texture": "#2"},
				"east": {"uv": [7, 7, 9, 16], "texture": "#2"},
				"south": {"uv": [7, 7, 9, 16], "texture": "#2"},
				"west": {"uv": [7, 7, 9, 16], "texture": "#2"},
				"up": {"uv": [7, 7, 9, 9], "texture": "#2"},
				"down": {"uv": [7, 14, 9, 16], "texture": "#2"}
			}
		}
	]
}