{
	"credit": "ʙʏ Hᴏʟᴀᴢᴀs",
	"parent": "block/block",
	"textures": {
		"1": "block/soul_lantern",
		"particle": "block/soul_lantern"
	},
	"elements": [
		{
			"from": [6, 2, 6],
			"to": [10, 7, 10],
			"rotation": {"angle": 0, "axis": "y", "origin": [9, 9, 9]},
			"faces": {
				"north": {"uv": [1, 3, 5, 8], "texture": "#1"},
				"east": {"uv": [1, 3, 5, 8], "texture": "#1"},
				"south": {"uv": [1, 3, 5, 8], "texture": "#1"},
				"west": {"uv": [1, 3, 5, 8], "texture": "#1"},
				"up": {"uv": [0, 9, 6, 15], "texture": "#missing"},
				"down": {"uv": [0, 9, 6, 15], "texture": "#missing"}
			}
		},
		{
			"from": [6, 8, 6],
			"to": [10, 10, 10],
			"faces": {
				"north": {"uv": [1, 0, 5, 2], "texture": "#1"},
				"east": {"uv": [1, 0, 5, 2], "texture": "#1"},
				"south": {"uv": [1, 0, 5, 2], "texture": "#1"},
				"west": {"uv": [1, 0, 5, 2], "texture": "#1"},
				"up": {"uv": [1, 10, 5, 14], "texture": "#1"},
				"down": {"uv": [1, 10, 5, 14], "texture": "#missing"}
			}
		},
		{
			"from": [6.5, 11, 8],
			"to": [9.5, 15, 8],
			"shade": false,
			"rotation": {"angle": 45, "axis": "y", "origin": [8, 8, 8]},
			"faces": {
				"north": {"uv": [11, 1, 14, 5], "texture": "#1"},
				"south": {"uv": [11, 1, 14, 5], "texture": "#1"}
			}
		},
		{
			"from": [8, 10, 6.5],
			"to": [8, 16, 9.5],
			"shade": false,
			"rotation": {"angle": 45, "axis": "y", "origin": [8, 8, 8]},
			"faces": {
				"east": {"uv": [11, 6, 14, 12], "texture": "#1"},
				"west": {"uv": [11, 6, 14, 12], "texture": "#1"}
			}
		},
		{
			"from": [5, 7, 5],
			"to": [11, 8, 11],
			"rotation": {"angle": 0, "axis": "y", "origin": [13, 15, 13]},
			"faces": {
				"north": {"uv": [0, 9, 1, 15], "texture": "#1"},
				"east": {"uv": [0, 9, 6, 10], "texture": "#1"},
				"south": {"uv": [5, 9, 6, 15], "texture": "#1"},
				"west": {"uv": [0, 14, 6, 15], "texture": "#1"},
				"up": {"uv": [0, 9, 6, 15], "texture": "#1"},
				"down": {"uv": [0, 9, 6, 15], "texture": "#1"}
			}
		},
		{
			"from": [5, 1, 5],
			"to": [11, 2, 11],
			"rotation": {"angle": 0, "axis": "y", "origin": [13, 9, 13]},
			"faces": {
				"north": {"uv": [0, 9, 1, 15], "texture": "#1"},
				"east": {"uv": [0, 9, 6, 10], "texture": "#1"},
				"south": {"uv": [5, 9, 6, 15], "texture": "#1"},
				"west": {"uv": [0, 14, 6, 15], "texture": "#1"},
				"up": {"uv": [0, 9, 6, 15], "texture": "#1"},
				"down": {"uv": [0, 9, 6, 15], "texture": "#1"}
			}
		},
		{
			"from": [5.25, 2, 5.25],
			"to": [6, 7, 6],
			"rotation": {"angle": 0, "axis": "y", "origin": [13, 10, 13]},
			"faces": {
				"north": {"uv": [5, 3, 6, 8], "texture": "#1"},
				"east": {"uv": [5, 3, 6, 8], "texture": "#1"},
				"south": {"uv": [5, 3, 6, 8], "texture": "#1"},
				"west": {"uv": [5, 3, 6, 8], "texture": "#1"},
				"up": {"uv": [0, 0, 1, 1], "texture": "#missing"},
				"down": {"uv": [0, 0, 1, 1], "texture": "#missing"}
			}
		},
		{
			"from": [9.75, 2, 5.25],
			"to": [10.5, 7, 6],
			"rotation": {"angle": 0, "axis": "y", "origin": [13, 10, 13]},
			"faces": {
				"north": {"uv": [5, 3, 6, 8], "texture": "#1"},
				"east": {"uv": [5, 3, 6, 8], "texture": "#1"},
				"south": {"uv": [5, 3, 6, 8], "texture": "#1"},
				"west": {"uv": [5, 3, 6, 8], "texture": "#1"},
				"up": {"uv": [0, 0, 1, 1], "texture": "#missing"},
				"down": {"uv": [0, 0, 1, 1], "texture": "#missing"}
			}
		},
		{
			"from": [9.75, 2, 9.75],
			"to": [10.5, 7, 10.5],
			"rotation": {"angle": 0, "axis": "y", "origin": [13, 10, 13]},
			"faces": {
				"north": {"uv": [5, 3, 6, 8], "texture": "#1"},
				"east": {"uv": [5, 3, 6, 8], "texture": "#1"},
				"south": {"uv": [5, 3, 6, 8], "texture": "#1"},
				"west": {"uv": [5, 3, 6, 8], "texture": "#1"},
				"up": {"uv": [0, 0, 1, 1], "texture": "#missing"},
				"down": {"uv": [0, 0, 1, 1], "texture": "#missing"}
			}
		},
		{
			"from": [5.25, 2, 9.75],
			"to": [6, 7, 10.5],
			"rotation": {"angle": 0, "axis": "y", "origin": [13, 10, 13]},
			"faces": {
				"north": {"uv": [5, 3, 6, 8], "texture": "#1"},
				"east": {"uv": [5, 3, 6, 8], "texture": "#1"},
				"south": {"uv": [5, 3, 6, 8], "texture": "#1"},
				"west": {"uv": [5, 3, 6, 8], "texture": "#1"},
				"up": {"uv": [0, 0, 1, 1], "texture": "#missing"},
				"down": {"uv": [0, 0, 1, 1], "texture": "#missing"}
			}
		}
	]
}