{
	"credit": "Made with Blockbench",
	"textures": {
		"0": "block/template_torch",
		"1": "block/soul_torch",
		"particle": "block/template_torch"
	},
	"elements": [
		{
			"from": [-0.25, 3, 5.75],
			"to": [0.75, 9, 9.75],
			"rotation": {"angle": 0, "axis": "y", "origin": [3, 9.5, 7.75]},
			"faces": {
				"north": {"uv": [0, 6, 1, 12], "texture": "#0"},
				"east": {"uv": [12, 6, 16, 12], "texture": "#0"},
				"south": {"uv": [0, 6, 1, 12], "texture": "#0"},
				"west": {"uv": [12, 6, 16, 12], "texture": "#0", "cullface": "south"},
				"up": {"uv": [12, 6, 16, 7], "rotation": 90, "texture": "#0"},
				"down": {"uv": [12, 11, 16, 12], "rotation": 270, "texture": "#0"}
			}
		},
		{
			"from": [2.75, 2, 6.75],
			"to": [4.75, 10, 8.75],
			"rotation": {"angle": 0, "axis": "y", "origin": [3, 9.5, 7.75]},
			"faces": {
				"north": {"uv": [7, 5, 9, 13], "texture": "#0"},
				"east": {"uv": [7, 5, 9, 13], "texture": "#0"},
				"south": {"uv": [7, 5, 9, 13], "texture": "#0"},
				"west": {"uv": [7, 5, 9, 13], "texture": "#0"},
				"down": {"uv": [7, 13, 9, 15], "rotation": 270, "texture": "#0"}
			}
		},
		{
			"from": [0.75, 6, 5.75],
			"to": [5.75, 8, 9.75],
			"rotation": {"angle": 0, "axis": "y", "origin": [3, 9.5, 7.75]},
			"faces": {
				"north": {"uv": [6, 7, 1, 9], "texture": "#0"},
				"east": {"uv": [6, 7, 10, 9], "texture": "#0"},
				"south": {"uv": [1, 7, 6, 9], "texture": "#0"},
				"up": {"uv": [12, 0, 16, 5], "rotation": 270, "texture": "#0"},
				"down": {"uv": [12, 0, 16, 5], "rotation": 270, "texture": "#0"}
			}
		},
		{
			"from": [1.75, 10, 5.75],
			"to": [5.75, 11, 9.75],
			"rotation": {"angle": 0, "axis": "y", "origin": [3, 9.5, 7.75]},
			"faces": {
				"north": {"uv": [6, 4, 10, 5], "texture": "#0"},
				"east": {"uv": [6, 4, 10, 5], "texture": "#0"},
				"south": {"uv": [6, 4, 10, 5], "texture": "#0"},
				"west": {"uv": [6, 4, 10, 5], "texture": "#0"},
				"up": {"uv": [0, 0, 4, 4], "rotation": 90, "texture": "#0"},
				"down": {"uv": [0, 12, 4, 16], "rotation": 270, "texture": "#0"}
			}
		},
		{
			"from": [5.75, 11, 5.75],
			"to": [5.75, 13, 9.75],
			"rotation": {"angle": 0, "axis": "y", "origin": [3, 9.5, 7.75]},
			"faces": {
				"east": {"uv": [6, 2, 10, 4], "texture": "#0"},
				"west": {"uv": [6, 2, 10, 4], "texture": "#0"}
			}
		},
		{
			"from": [1.75, 11, 5.75],
			"to": [1.75, 13, 9.75],
			"rotation": {"angle": 0, "axis": "y", "origin": [3, 9.5, 7.75]},
			"faces": {
				"east": {"uv": [6, 2, 10, 4], "texture": "#0"},
				"west": {"uv": [6, 2, 10, 4], "texture": "#0"}
			}
		},
		{
			"from": [1.75, 11, 9.75],
			"to": [5.75, 13, 9.75],
			"rotation": {"angle": 0, "axis": "y", "origin": [3, 9.5, 7.75]},
			"faces": {
				"north": {"uv": [6, 2, 10, 4], "texture": "#0"},
				"south": {"uv": [6, 2, 10, 4], "texture": "#0"}
			}
		},
		{
			"from": [1.75, 11, 5.75],
			"to": [5.75, 13, 5.75],
			"rotation": {"angle": 0, "axis": "y", "origin": [3, 9.5, 7.75]},
			"faces": {
				"north": {"uv": [6, 2, 10, 4], "texture": "#0"},
				"south": {"uv": [6, 2, 10, 4], "texture": "#0"}
			}
		},
		{
			"from": [3.53033, 11, 6.28033],
			"to": [3.53033, 15, 10.28033],
			"shade": false,
			"rotation": {"angle": 45, "axis": "y", "origin": [3, 9.5, 7.75]},
			"faces": {
				"east": {"uv": [6, 12, 10, 16], "texture": "#1"},
				"west": {"uv": [6, 12, 10, 16], "texture": "#1"}
			}
		},
		{
			"from": [1.53033, 11, 8.28033],
			"to": [5.53033, 15, 8.28033],
			"shade": false,
			"rotation": {"angle": 45, "axis": "y", "origin": [3, 9.5, 7.75]},
			"faces": {
				"north": {"uv": [6, 12, 10, 16], "texture": "#1"},
				"south": {"uv": [6, 12, 10, 16], "texture": "#1"}
			}
		}
	],
	"groups": [
		0,
		1,
		2,
		3,
		{
			"name": "group",
			"origin": [13, 20, 21],
			"color": 0,
			"children": [4, 5, 6, 7]
		},
		8,
		9
	]
}