{
	"credit": "ʙʏ Hᴏʟᴀᴢᴀs",
	"textures": {
		"1": "block/sweet_berry_bush_stage1_bush",
		"2": "block/sweet_berry_bush",
		"3": "block/sweet_berry_bush_log",
		"particle": "block/sweet_berry_bush"
	},
	"elements": [
		{
			"from": [2, 2, 2],
			"to": [14, 14, 14],
			"faces": {
				"north": {"uv": [0, 0, 16, 16], "texture": "#2", "cullface": "up", "tintindex": 0},
				"east": {"uv": [0, 0, 16, 16], "texture": "#2", "cullface": "up", "tintindex": 0},
				"south": {"uv": [0, 0, 16, 16], "texture": "#2", "cullface": "up", "tintindex": 0},
				"west": {"uv": [0, 0, 16, 16], "texture": "#2", "cullface": "up", "tintindex": 0},
				"up": {"uv": [0, 0, 16, 16], "texture": "#2", "cullface": "up", "tintindex": 0},
				"down": {"uv": [0, 0, 16, 16], "texture": "#2", "cullface": "up", "tintindex": 0}
			}
		},
		{
			"from": [4, -1, -1],
			"to": [4, 19, 19],
			"rotation": {"angle": 22.5, "axis": "y", "origin": [0, 0, 0], "rescale": true},
			"faces": {
				"north": {"uv": [0, 0, 0, 16], "texture": "#missing"},
				"east": {"uv": [0, 0, 16, 16], "texture": "#1"},
				"south": {"uv": [0, 0, 0, 16], "texture": "#missing"},
				"west": {"uv": [0, 0, 16, 16], "texture": "#1"},
				"up": {"uv": [0, 0, 0, 16], "texture": "#missing"},
				"down": {"uv": [0, 0, 0, 16], "texture": "#missing"}
			}
		},
		{
			"from": [-6, -1, 9],
			"to": [14, 19, 9],
			"rotation": {"angle": 22.5, "axis": "y", "origin": [0, 0, 0], "rescale": true},
			"faces": {
				"north": {"uv": [0, 0, 16, 16], "texture": "#1"},
				"east": {"uv": [0, 0, 0, 16], "texture": "#missing"},
				"south": {"uv": [0, 0, 16, 16], "texture": "#1"},
				"west": {"uv": [0, 0, 0, 16], "texture": "#missing"},
				"up": {"uv": [0, 0, 0, 16], "rotation": 90, "texture": "#missing"},
				"down": {"uv": [0, 0, 0, 16], "rotation": 270, "texture": "#missing"}
			}
		},
		{
			"from": [6, 0, 6],
			"to": [10, 4, 10],
			"faces": {
				"north": {"uv": [8, 12, 12, 16], "rotation": 90, "texture": "#3"},
				"east": {"uv": [8, 12, 12, 16], "rotation": 90, "texture": "#3"},
				"south": {"uv": [8, 12, 12, 16], "rotation": 90, "texture": "#3"},
				"west": {"uv": [8, 12, 12, 16], "rotation": 90, "texture": "#3"},
				"up": {"uv": [12, 12, 16, 16], "texture": "#3"},
				"down": {"uv": [12, 12, 16, 16], "texture": "#3"}
			}
		}
	]
}