{
	"credit": "ʙʏ Hᴏʟᴀᴢᴀs",
	"textures": {
		"0": "block/sweet_berry_bush_stage0",
		"1": "block/sweet_berry_bush_stage0_bush",
		"2": "block/sweet_berry_bush_log",
		"particle": "block/sweet_berry_bush_stage0"
	},
	"elements": [
		{
			"from": [4, 1, 4],
			"to": [12, 9, 12],
			"faces": {
				"north": {"uv": [4, 8, 12, 16], "texture": "#0", "tintindex": 0},
				"east": {"uv": [4, 8, 12, 16], "texture": "#0", "tintindex": 0},
				"south": {"uv": [4, 8, 12, 16], "texture": "#0", "tintindex": 0},
				"west": {"uv": [4, 8, 12, 16], "texture": "#0", "tintindex": 0},
				"up": {"uv": [4, 8, 12, 16], "texture": "#0", "tintindex": 0},
				"down": {"uv": [4, 8, 12, 16], "texture": "#0", "tintindex": 0}
			}
		},
		{
			"from": [0.31371, -1, 8],
			"to": [16.31371, 15, 8],
			"rotation": {"angle": 22.5, "axis": "y", "origin": [8.31371, 4, 8]},
			"faces": {
				"north": {"uv": [0, 0, 16, 16], "texture": "#1"},
				"east": {"uv": [0, 0, 0, 12], "texture": "#missing"},
				"south": {"uv": [0, 0, 16, 16], "texture": "#1"},
				"west": {"uv": [0, 0, 0, 12], "texture": "#missing"},
				"up": {"uv": [0, 0, 14, 0], "texture": "#missing"},
				"down": {"uv": [0, 0, 14, 0], "texture": "#missing"}
			}
		},
		{
			"from": [8.31371, -1, 0],
			"to": [8.31371, 15, 16],
			"rotation": {"angle": 22.5, "axis": "y", "origin": [8.31371, 4, 8]},
			"faces": {
				"north": {"uv": [0, 0, 0, 12], "texture": "#missing"},
				"east": {"uv": [0, 0, 16, 16], "texture": "#1"},
				"south": {"uv": [0, 0, 0, 12], "texture": "#missing"},
				"west": {"uv": [0, 0, 16, 16], "texture": "#1"},
				"up": {"uv": [0, 0, 14, 0], "rotation": 90, "texture": "#missing"},
				"down": {"uv": [0, 0, 14, 0], "rotation": 270, "texture": "#missing"}
			}
		},
		{
			"from": [6, 0, 6],
			"to": [10, 4, 10],
			"faces": {
				"north": {"uv": [8, 12, 12, 16], "rotation": 90, "texture": "#2"},
				"east": {"uv": [8, 12, 12, 16], "rotation": 90, "texture": "#2"},
				"south": {"uv": [8, 12, 12, 16], "rotation": 90, "texture": "#2"},
				"west": {"uv": [8, 12, 12, 16], "rotation": 90, "texture": "#2"},
				"up": {"uv": [12, 12, 16, 16], "texture": "#2"},
				"down": {"uv": [12, 12, 16, 16], "texture": "#2"}
			}
		}
	]
}