{"elements":[{"from":[0,15.2,0],"to":[16,15.2,16],"shade":false,"faces":{"north":{"uv":[0,0,8,12],"texture":"#1"},"east":{"uv":[0,0,0,0],"texture":"#1"},"south":{"uv":[0,0,0,0],"texture":"#1"},"west":{"uv":[0,0,0,0],"texture":"#1"},"up":{"uv":[0,2,8,10],"texture":"#1","tintindex":0},"down":{"uv":[0,2,8,10],"texture":"#1","tintindex":0}}},{"from":[0,-4,2],"to":[16,16,2],"shade":false,"faces":{"north":{"uv":[0,0,8,12],"texture":"#1","tintindex":0},"east":{"uv":[0,0,0,16],"texture":"#1"},"south":{"uv":[0,2,8,12],"texture":"#1","tintindex":0},"west":{"uv":[0,0,0,16],"texture":"#1"},"up":{"uv":[0,0,16,0],"texture":"#1"},"down":{"uv":[0,0,16,0],"texture":"#1"}}},{"from":[2,-4,0],"to":[2,16,16],"shade":false,"faces":{"north":{"uv":[0,0,8,12],"texture":"#1"},"east":{"uv":[0,2,8,12],"texture":"#1","tintindex":0},"south":{"uv":[0,0,0,16],"texture":"#1"},"west":{"uv":[0,0,8,12],"texture":"#1","tintindex":0},"up":{"uv":[0,0,16,0],"rotation":270,"texture":"#1"},"down":{"uv":[0,0,16,0],"rotation":90,"texture":"#1"}}},{"from":[14,-4,0],"to":[14,16,16],"shade":false,"faces":{"north":{"uv":[0,0,8,12],"texture":"#1"},"east":{"uv":[0,0,8,12],"texture":"#1","tintindex":0},"south":{"uv":[0,0,0,16],"texture":"#1"},"west":{"uv":[0,2,8,12],"texture":"#1","tintindex":0},"up":{"uv":[0,0,16,0],"rotation":90,"texture":"#1"},"down":{"uv":[0,0,16,0],"rotation":270,"texture":"#1"}}},{"from":[0,-4,14],"to":[16,16,14],"shade":false,"faces":{"north":{"uv":[0,0,8,12],"texture":"#1","tintindex":0},"east":{"uv":[0,0,0,16],"texture":"#1"},"south":{"uv":[0,0,8,12],"texture":"#1","tintindex":0},"west":{"uv":[0,0,0,16],"texture":"#1"},"up":{"uv":[0,0,16,0],"texture":"#1"},"down":{"uv":[0,0,16,0],"texture":"#1"}}}],"ambientocclusion":false,"textures":{"1":"block/vinecustom","particle":"block/vine"}}