{
	"credit": "Made with Blockbench",
	"ambientocclusion": false,
	"textures": {
		"1": "block/vine_hanging",
		"particle": "block/vine",
		"vine": "block/vine"
	},
	"elements": [
		{
			"from": [0, 0, 0.8],
			"to": [16, 16, 0.8],
			"shade": false,
			"faces": {
				"north": {"uv": [16, 0, 0, 16], "texture": "#vine", "tintindex": 0},
				"south": {"uv": [0, 0, 16, 16], "texture": "#vine", "tintindex": 0}
			}
		}, 
		{
			"from": [0, -16, 0.8],
			"to": [16, 0, 0.8],
			"shade": false,
			"faces": {
				"north": {"uv": [16, 0, 0, 16], "texture": "#1", "tintindex": 0},
				"east": {"uv": [0, 0, 0, 0], "texture": "#1"},
				"south": {"uv": [0, 0, 16, 16], "texture": "#1", "tintindex": 0},
				"west": {"uv": [0, 0, 0, 0], "texture": "#1"},
				"up": {"uv": [0, 0, 0, 0], "texture": "#1"},
				"down": {"uv": [0, 0, 0, 0], "texture": "#1"}
			}
		}
	]
}