{
	"credit": "Created by @JamieProbably on Twitter",
	"parent": "block/block",
	"textures": {
		"particle": "#lantern"
	},
	"elements": [
		{
			"from": [6.5, 11, 8],
			"to": [9.5, 15, 8],
			"shade": false,
			"rotation": {"angle": 45, "axis": "y", "origin": [8, 8, 8]},
			"faces": {
				"north": {"uv": [14, 1, 11, 5], "texture": "#lantern"},
				"east": {"uv": [0, 0, 0, 0], "texture": "#lantern"},
				"south": {"uv": [11, 1, 14, 5], "texture": "#lantern"},
				"west": {"uv": [0, 0, 0, 0], "texture": "#lantern"},
				"up": {"uv": [0, 0, 0, 0], "texture": "#lantern"},
				"down": {"uv": [0, 0, 0, 0], "texture": "#lantern"}
			}
		},
		{
			"from": [8, 10, 6.5],
			"to": [8, 16, 9.5],
			"shade": false,
			"rotation": {"angle": 45, "axis": "y", "origin": [8, 8, 8]},
			"faces": {
				"north": {"uv": [0, 0, 0, 0], "texture": "#lantern"},
				"east": {"uv": [11, 6, 14, 12], "texture": "#lantern"},
				"south": {"uv": [0, 0, 0, 0], "texture": "#lantern"},
				"west": {"uv": [14, 6, 11, 12], "texture": "#lantern"},
				"up": {"uv": [0, 0, 0, 0], "texture": "#lantern"},
				"down": {"uv": [0, 0, 0, 0], "texture": "#lantern"}
			}
		},
		{
			"from": [6, 2.02, 6],
			"to": [10, 2.02, 10],
			"shade": false,
			"light_emission": 15,
			"rotation": {"angle": 0, "axis": "y", "origin": [8, 2, 8]},
			"faces": {
				"north": {"uv": [0, 0, 0, 0], "texture": "#lantern"},
				"east": {"uv": [0, 0, 0, 0], "texture": "#lantern"},
				"south": {"uv": [0, 0, 0, 0], "texture": "#lantern"},
				"west": {"uv": [0, 0, 0, 0], "texture": "#lantern"},
				"up": {"uv": [6, 10, 10, 14], "texture": "#lantern"},
				"down": {"uv": [0, 0, 0, 0], "texture": "#lantern", "cullface": "down"}
			}
		},
		{
			"from": [5, 7, 5],
			"to": [11, 8, 11],
			"rotation": {"angle": 0, "axis": "y", "origin": [0, 1, 0]},
			"faces": {
				"north": {"uv": [0, 2, 6, 3], "texture": "#lantern"},
				"east": {"uv": [0, 2, 6, 3], "texture": "#lantern"},
				"south": {"uv": [0, 2, 6, 3], "texture": "#lantern"},
				"west": {"uv": [0, 2, 6, 3], "texture": "#lantern"},
				"up": {"uv": [0, 9, 6, 15], "texture": "#lantern"},
				"down": {"uv": [0, 9, 6, 15], "texture": "#lantern"}
			}
		},
		{
			"from": [5, 1, 5],
			"to": [11, 2, 11],
			"rotation": {"angle": 0, "axis": "y", "origin": [0, -5, 0]},
			"faces": {
				"north": {"uv": [0, 8, 6, 9], "texture": "#lantern"},
				"east": {"uv": [0, 8, 6, 9], "texture": "#lantern"},
				"south": {"uv": [0, 8, 6, 9], "texture": "#lantern"},
				"west": {"uv": [0, 8, 6, 9], "texture": "#lantern"},
				"up": {"uv": [0, 9, 6, 15], "texture": "#lantern"},
				"down": {"uv": [0, 9, 6, 15], "texture": "#lantern", "cullface": "down"}
			}
		},
		{
			"from": [5, 7, 5],
			"to": [11, 2, 11],
			"shade": false,
			"light_emission": 15,
			"rotation": {"angle": 0, "axis": "y", "origin": [8, 4.5, 8]},
			"faces": {
				"north": {"uv": [0, 8, 6, 3], "texture": "#lantern"},
				"east": {"uv": [0, 8, 6, 3], "texture": "#lantern"},
				"south": {"uv": [0, 8, 6, 3], "texture": "#lantern"},
				"west": {"uv": [0, 8, 6, 3], "texture": "#lantern"}
			}
		},
		{
			"from": [5, 2, 10],
			"to": [6, 7, 11],
			"shade": false,
			"light_emission": 15,
			"rotation": {"angle": 0, "axis": "y", "origin": [5.5, 4.5, 10.5]},
			"faces": {
				"south": {"uv": [0, 8, 1, 3], "texture": "#lantern"},
				"west": {"uv": [0, 8, 1, 3], "texture": "#lantern"},
				"up": {"uv": [0, 0, 0, 0], "texture": "#lantern"},
				"down": {"uv": [0, 0, 0, 0], "texture": "#lantern"}
			}
		},
		{
			"from": [10, 2, 10],
			"to": [11, 7, 11],
			"shade": false,
			"light_emission": 15,
			"rotation": {"angle": 0, "axis": "y", "origin": [10.5, 4.5, 10.5]},
			"faces": {
				"east": {"uv": [1, 8, 0, 3], "texture": "#lantern"},
				"south": {"uv": [1, 8, 0, 3], "texture": "#lantern"},
				"up": {"uv": [0, 0, 0, 0], "texture": "#lantern"},
				"down": {"uv": [0, 0, 0, 0], "texture": "#lantern"}
			}
		},
		{
			"from": [10, 2, 5],
			"to": [11, 7, 6],
			"shade": false,
			"light_emission": 15,
			"rotation": {"angle": 0, "axis": "y", "origin": [10.5, 4.5, 5.5]},
			"faces": {
				"north": {"uv": [0, 8, 1, 3], "texture": "#lantern"},
				"east": {"uv": [0, 8, 1, 3], "texture": "#lantern"},
				"up": {"uv": [0, 0, 0, 0], "texture": "#lantern"},
				"down": {"uv": [0, 0, 0, 0], "texture": "#lantern"}
			}
		},
		{
			"from": [5, 2, 5],
			"to": [6, 7, 6],
			"shade": false,
			"light_emission": 15,
			"rotation": {"angle": 0, "axis": "y", "origin": [5.5, 4.5, 5.5]},
			"faces": {
				"north": {"uv": [1, 8, 0, 3], "texture": "#lantern"},
				"west": {"uv": [1, 8, 0, 3], "texture": "#lantern"},
				"up": {"uv": [0, 0, 0, 0], "texture": "#lantern"},
				"down": {"uv": [0, 0, 0, 0], "texture": "#lantern"}
			}
		},
		{
			"from": [6, 8, 6],
			"to": [10, 10, 10],
			"rotation": {"angle": 0, "axis": "y", "origin": [0, 1, 0]},
			"faces": {
				"north": {"uv": [1, 0, 5, 2], "texture": "#lantern"},
				"east": {"uv": [1, 0, 5, 2], "texture": "#lantern"},
				"south": {"uv": [1, 0, 5, 2], "texture": "#lantern"},
				"west": {"uv": [1, 0, 5, 2], "texture": "#lantern"},
				"up": {"uv": [1, 10, 5, 14], "texture": "#lantern"},
				"down": {"uv": [0, 0, 0, 0], "texture": "#lantern"}
			}
		},
		{
			"from": [6, 2, 8],
			"to": [10, 7, 8],
			"shade": false,
			"light_emission": 15,
			"rotation": {"angle": -45, "axis": "y", "origin": [8, 4.5, 8]},
			"faces": {
				"north": {"uv": [6, 3, 10, 8], "texture": "#lantern"},
				"east": {"uv": [0, 0, 0, 0], "texture": "#lantern"},
				"south": {"uv": [10, 3, 6, 8], "texture": "#lantern"},
				"west": {"uv": [0, 0, 0, 0], "texture": "#lantern"},
				"up": {"uv": [0, 0, 0, 0], "texture": "#lantern"},
				"down": {"uv": [0, 0, 0, 0], "texture": "#lantern"}
			}
		},
		{
			"from": [8, 2, 6],
			"to": [8, 7, 10],
			"shade": false,
			"light_emission": 15,
			"rotation": {"angle": -45, "axis": "y", "origin": [8, 4.5, 8]},
			"faces": {
				"north": {"uv": [0, 0, 0, 0], "texture": "#lantern"},
				"east": {"uv": [6, 3, 10, 8], "texture": "#lantern"},
				"south": {"uv": [0, 0, 0, 0], "texture": "#lantern"},
				"west": {"uv": [10, 3, 6, 8], "texture": "#lantern"},
				"up": {"uv": [0, 0, 0, 0], "rotation": 270, "texture": "#lantern"},
				"down": {"uv": [0, 0, 0, 0], "rotation": 90, "texture": "#lantern"}
			}
		}
	]
}