{
	"credit": "Created by @JamieProbably on Twitter",
	"parent": "block/block",
	"textures": {
		"particle": "#lantern"
	},
	"elements": [
		{
			"from": [5, 6, 5],
			"to": [11, 7, 11],
			"faces": {
				"north": {"uv": [0, 2, 6, 3], "texture": "#lantern"},
				"east": {"uv": [0, 2, 6, 3], "texture": "#lantern"},
				"south": {"uv": [0, 2, 6, 3], "texture": "#lantern"},
				"west": {"uv": [0, 2, 6, 3], "texture": "#lantern"},
				"up": {"uv": [0, 9, 6, 15], "texture": "#lantern"},
				"down": {"uv": [0, 9, 6, 15], "texture": "#lantern"}
			}
		},
		{
			"from": [5, 0, 5],
			"to": [11, 1, 11],
			"rotation": {"angle": 0, "axis": "y", "origin": [0, -6, 0]},
			"faces": {
				"north": {"uv": [0, 8, 6, 9], "texture": "#lantern"},
				"east": {"uv": [0, 8, 6, 9], "texture": "#lantern"},
				"south": {"uv": [0, 8, 6, 9], "texture": "#lantern"},
				"west": {"uv": [0, 8, 6, 9], "texture": "#lantern"},
				"up": {"uv": [0, 9, 6, 15], "texture": "#lantern"},
				"down": {"uv": [0, 9, 6, 15], "texture": "#lantern", "cullface": "down"}
			}
		},
		{
			"from": [5, 6, 5],
			"to": [11, 1, 11],
			"shade": false,
			"light_emission": 15,
			"rotation": {"angle": 0, "axis": "y", "origin": [8, 3.5, 8]},
			"faces": {
				"north": {"uv": [0, 8, 6, 3], "texture": "#lantern"},
				"east": {"uv": [0, 8, 6, 3], "texture": "#lantern"},
				"south": {"uv": [0, 8, 6, 3], "texture": "#lantern"},
				"west": {"uv": [0, 8, 6, 3], "texture": "#lantern"}
			}
		},
		{
			"from": [5, 1, 10],
			"to": [6, 6, 11],
			"shade": false,
			"light_emission": 15,
			"rotation": {"angle": 0, "axis": "y", "origin": [5.5, 3.5, 10.5]},
			"faces": {
				"south": {"uv": [0, 8, 1, 3], "texture": "#lantern"},
				"west": {"uv": [0, 8, 1, 3], "texture": "#lantern"},
				"up": {"uv": [0, 0, 0, 0], "texture": "#lantern"},
				"down": {"uv": [0, 0, 0, 0], "texture": "#lantern"}
			}
		},
		{
			"from": [10, 1, 10],
			"to": [11, 6, 11],
			"shade": false,
			"light_emission": 15,
			"rotation": {"angle": 0, "axis": "y", "origin": [10.5, 3.5, 10.5]},
			"faces": {
				"east": {"uv": [1, 8, 0, 3], "texture": "#lantern"},
				"south": {"uv": [1, 8, 0, 3], "texture": "#lantern"},
				"up": {"uv": [0, 0, 0, 0], "texture": "#lantern"},
				"down": {"uv": [0, 0, 0, 0], "texture": "#lantern"}
			}
		},
		{
			"from": [10, 1, 5],
			"to": [11, 6, 6],
			"shade": false,
			"light_emission": 15,
			"rotation": {"angle": 0, "axis": "y", "origin": [10.5, 3.5, 5.5]},
			"faces": {
				"north": {"uv": [0, 8, 1, 3], "texture": "#lantern"},
				"east": {"uv": [0, 8, 1, 3], "texture": "#lantern"},
				"up": {"uv": [0, 0, 0, 0], "texture": "#lantern"},
				"down": {"uv": [0, 0, 0, 0], "texture": "#lantern"}
			}
		},
		{
			"from": [5, 1, 5],
			"to": [6, 6, 6],
			"shade": false,
			"light_emission": 15,
			"rotation": {"angle": 0, "axis": "y", "origin": [5.5, 3.5, 5.5]},
			"faces": {
				"north": {"uv": [1, 8, 0, 3], "texture": "#lantern"},
				"west": {"uv": [1, 8, 0, 3], "texture": "#lantern"},
				"up": {"uv": [0, 0, 0, 0], "texture": "#lantern"},
				"down": {"uv": [0, 0, 0, 0], "texture": "#lantern"}
			}
		},
		{
			"from": [6, 7, 6],
			"to": [10, 9, 10],
			"faces": {
				"north": {"uv": [1, 0, 5, 2], "texture": "#lantern"},
				"east": {"uv": [1, 0, 5, 2], "texture": "#lantern"},
				"south": {"uv": [1, 0, 5, 2], "texture": "#lantern"},
				"west": {"uv": [1, 0, 5, 2], "texture": "#lantern"},
				"up": {"uv": [1, 10, 5, 14], "texture": "#lantern"},
				"down": {"uv": [0, 0, 0, 0], "texture": "#lantern"}
			}
		},
		{
			"from": [6.5, 9, 8],
			"to": [9.5, 11, 8],
			"shade": false,
			"rotation": {"angle": 45, "axis": "y", "origin": [8, 8, 8]},
			"faces": {
				"north": {"uv": [14, 1, 11, 3], "texture": "#lantern"},
				"east": {"uv": [0, 0, 0, 0], "texture": "#lantern"},
				"south": {"uv": [11, 1, 14, 3], "texture": "#lantern"},
				"west": {"uv": [0, 0, 0, 0], "texture": "#lantern"},
				"up": {"uv": [0, 0, 0, 0], "texture": "#lantern"},
				"down": {"uv": [0, 0, 0, 0], "texture": "#lantern"}
			}
		},
		{
			"from": [8, 9, 6.5],
			"to": [8, 11, 9.5],
			"shade": false,
			"rotation": {"angle": 45, "axis": "y", "origin": [8, 8, 8]},
			"faces": {
				"north": {"uv": [0, 0, 0, 0], "texture": "#lantern"},
				"east": {"uv": [11, 10, 14, 12], "texture": "#lantern"},
				"south": {"uv": [0, 0, 0, 0], "texture": "#lantern"},
				"west": {"uv": [14, 10, 11, 12], "texture": "#lantern"},
				"up": {"uv": [0, 0, 0, 0], "texture": "#lantern"},
				"down": {"uv": [0, 0, 0, 0], "texture": "#lantern"}
			}
		},
		{
			"from": [6, 1, 8],
			"to": [10, 6, 8],
			"shade": false,
			"light_emission": 15,
			"rotation": {"angle": -45, "axis": "y", "origin": [8, 3.5, 8]},
			"faces": {
				"north": {"uv": [6, 3, 10, 8], "texture": "#lantern"},
				"east": {"uv": [0, 0, 0, 0], "texture": "#lantern"},
				"south": {"uv": [10, 3, 6, 8], "texture": "#lantern"},
				"west": {"uv": [0, 0, 0, 0], "texture": "#lantern"},
				"up": {"uv": [0, 0, 0, 0], "texture": "#lantern"},
				"down": {"uv": [0, 0, 0, 0], "texture": "#lantern"}
			}
		},
		{
			"from": [8, 1, 6],
			"to": [8, 6, 10],
			"shade": false,
			"light_emission": 15,
			"rotation": {"angle": -45, "axis": "y", "origin": [8, 3.5, 8]},
			"faces": {
				"north": {"uv": [0, 0, 0, 0], "texture": "#lantern"},
				"east": {"uv": [6, 3, 10, 8], "texture": "#lantern"},
				"south": {"uv": [0, 0, 0, 0], "texture": "#lantern"},
				"west": {"uv": [10, 3, 6, 8], "texture": "#lantern"},
				"up": {"uv": [0, 0, 0, 0], "rotation": 270, "texture": "#lantern"},
				"down": {"uv": [0, 0, 0, 0], "rotation": 90, "texture": "#lantern"}
			}
		},
		{
			"from": [6, 1.02, 6],
			"to": [10, 1.02, 10],
			"shade": false,
			"light_emission": 15,
			"rotation": {"angle": 0, "axis": "y", "origin": [8, 1, 8]},
			"faces": {
				"up": {"uv": [6, 10, 10, 14], "texture": "#lantern"}
			}
		}
	]
}